{"cameraMode":{"drawMode":0,"name":"Shaded","section":"Shading Mode"},"sceneLighting":false,"audioPlay":false,"sceneViewState":{"showFog":true,"showMaterialUpdate":false,"showSkybox":true,"showFlares":true,"showImageEffects":true,"showParticleSystems":true},"in2DMode":false,"pivot":{"x":8.669029235839844,"y":0.500033974647522,"z":1.5753744840621949},"rotation":{"x":-0.34362733364105227,"y":-0.6514456272125244,"z":-0.5252941250801086,"w":0.42615145444869997},"size":12.706873893737793,"orthographic":true}